{"branches": 75.28830313014826, "coverage": 80.64743138634765}