{"branches": 46.52173913043478, "coverage": 57.32993815933066}