{"branches": 37.0177267987487, "coverage": 44.97156153050672}