{"branches": 59.47643979057592, "coverage": 68.6032786885246}