{"branches": 77.0746887966805, "coverage": 83.66675107622183}