{"branches": 23.30508474576271, "coverage": 29.12794033275961}