{"branches": 62.72617611580217, "coverage": 71.88328912466844}