{"branches": 77.82805429864254, "coverage": 83.55627617889473}