{"branches": 74.72283813747228, "coverage": 81.41031620184684}