{"branches": 73.31855136733185, "coverage": 79.47019867549669}