{"branches": 75.30864197530865, "coverage": 89.02087832973362}