{"branches": 74.82792527040316, "coverage": 81.47155560969668}