{"branches": 61.328976034858385, "coverage": 71.03391684901533}