{"branches": 43.333333333333336, "coverage": 56.34156550858099}