{"branches": 43.333333333333336, "coverage": 56.63457513604019}