{"branches": 37.265787647467036, "coverage": 58.93937664116908}