{"branches": 84.28571428571429, "coverage": 90.2559867877787}