{"branches": 71.63841807909604, "coverage": 77.59152474185329}