{"branches": 63.50906095551895, "coverage": 73.63024027344927}