{"branches": 74.55138662316476, "coverage": 80.14573767219005}

