{"branches": 93.33333333333333, "coverage": 88.93557422969187}