{"branches": 61.074561403508774, "coverage": 71.01687937422808}