{"branches": 74.05764966740577, "coverage": 80.65478966514318}