{"branches": 36.70490093847758, "coverage": 44.52328731776545}