{"branches": 58.01011804384486, "coverage": 63.57412894656177}