{"branches": 69.60461285008238, "coverage": 76.93777018196441}