{"branches": 74.17461482024945, "coverage": 80.72411563683384}