{"branches": 7.156673114119923, "coverage": 8.144927536231885}