{"branches": 69.00726392251816, "coverage": 81.73977328733366}