{"branches": 77.0746887966805, "coverage": 83.67088607594937}