{"branches": 74.63126843657817, "coverage": 81.44719210622488}