{"branches": 7.156673114119923, "coverage": 8.152016246011023}