{"branches": 77.82805429864254, "coverage": 83.64027423040731}