{"branches": 61.074561403508774, "coverage": 70.95845331139449}